alert_key,probability
357307,0.4853684535648089
376329,0.00032414
373644,0.000372012
357668,0.5867777211526656
354443,0.6481704803168724
361128,0.6014958154359683
364753,0.2044930689763924
365254,0.001321919
375177,0.001554787
360609,0.737790073148052
362463,0.4117288735549158
371048,0.003724474
368703,0.0037718
376496,0.003925634
369160,0.003972957
373250,0.004030032
357108,0.7165970461367852
377450,0.004570662
377489,0.005026442
369183,0.005235683
375786,0.005385378
367385,0.005790364
359961,0.2768741016775061
372097,0.006369698
374437,0.006401459
372786,0.006596792
373652,0.007559706
368288,0.007959106
369001,0.008006123
357471,0.37866341783029017
373249,0.008834857
371557,0.008879561
363442,0.12740303648714252
367901,0.009127459
356228,0.3308995108601256
366990,0.009135589
353518,0.5503811354966783
366992,0.009441363
366277,0.009880656
370571,0.009940367
355197,0.08956215179712051
370278,0.010197381
376567,0.010612582
368268,0.010716221
368570,0.010855993
371768,0.011395877
369612,0.011830347
353241,0.6092294478881681
364675,0.08771941767750806
358723,0.7157660536430436
354007,0.382999632640367
376117,0.014458386
367018,0.01501238
370240,0.015028798
355816,0.592468629438508
360063,0.24719477045539526
367684,0.015612938
354047,0.9646721791344991
359605,0.5179753715111605
358227,0.39891750963294
366963,0.016728919
355808,0.7401240588757827
367535,0.018295994
362125,0.6294224139205205
356795,0.5627441800757093
364626,0.6255152896295487
371637,0.019504806
361856,0.7127780477425153
369164,0.02014221
362723,0.5420606172435047
356790,0.7359633471584406
372305,0.020667546
365739,0.020699391
370233,0.020822157
371793,0.020948872
356638,0.6445207839474003
358254,0.8357624531554135
355751,0.4388178698980947
358216,0.4116287363606549
367366,0.021555177
363261,0.14354213740465438
378018,0.021795173
359854,0.7612475802284735
355188,0.27488015308973496
360842,0.3977976354152916
354853,0.44208879818386815
357485,0.5217384525060381
376503,0.023545181
371279,0.024731431
358458,0.7103483412310345
360264,0.33055236085345874
353868,0.16826600713064035
363136,0.6216397223832516
361003,0.5788887065439393
373477,0.027337353
376103,0.027387421
364190,0.1306965637756998
374318,0.027579537
356306,0.5031946944962277
360401,0.46993211244774186
354820,0.5336140311741117
365325,0.028496918
367417,0.029011484
358172,0.33193486257217425
353872,0.5833923824674652
368580,0.029521743
366708,0.029583605
365595,0.030003258
359647,0.3701564724004102
372343,0.030424574
360589,0.48226790307251044
372795,0.030808095
371639,0.031022875
364695,0.6043903120027726
370248,0.031223872
369444,0.031312298
355181,0.7593073083568235
367216,0.031991491
375775,0.032035505
378068,0.032059851
358331,0.5918536531002826
356245,0.32930975311447885
367533,0.032284222
374525,0.032570304
367893,0.033145637
376644,0.033315515
361282,0.3499255735322558
376785,0.03374771
361270,0.4516017420837199
376080,0.03429141
368682,0.034779943
369990,0.034949703
355775,0.579922925708161
359483,0.08156743428635597
364253,0.5918536531002826
375891,0.035530319
363763,0.28486236490801486
377761,0.036565558
363459,0.6002562296327599
376304,0.036748115
374936,0.037312358
365467,0.037457335
366252,0.037780358
361314,0.4842780787745468
372124,0.038220854
355384,0.38188515845721155
361166,0.4966561601049423
357448,0.41696716891450986
376098,0.040112749
357069,0.5714753066516173
366687,0.040615842
374428,0.040738184
368724,0.04099415
367897,0.041180997
365876,0.041265818
378410,0.041447961
353835,0.5076909478120845
354842,0.4530808599231825
352876,0.4942821330325185
364678,0.6664704741303255
376490,0.04354938
367421,0.043559883
363916,0.3906039081356526
372347,0.044764801
356951,0.594561779674181
368577,0.045374302
356045,0.14267482195119457
371280,0.045555742
360011,0.33241316220074196
371626,0.045649719
354261,0.17108044457876198
360409,0.5569872379459729
357498,0.6278812243971438
376073,0.046618443
375311,0.046856998
359775,0.34472570707228534
353861,0.5953258198378149
362890,0.4618084936602803
366823,0.047760041
357507,0.3828467534318885
357221,0.6001023678438898
366696,0.04845185
359648,0.5883499157004516
357871,0.5539948168485875
366624,0.049753884
357671,0.1868717978424694
364686,0.1973955426228885
375306,0.050212513
377933,0.05058435
355411,0.7605264237186004
354673,0.7950000886966438
368901,0.05156908
373256,0.052426309
370153,0.052521098
371749,0.052567546
353860,0.6313960972087777
370243,0.052679828
356784,0.20582610394947604
357509,0.7464249726156733
364640,0.5392481256056744
369808,0.053680887
354049,0.17294276416501808
361566,0.7191131250059714
369145,0.054632418
368524,0.054943277
354246,0.09580468989215754
367543,0.055378569
375035,0.055455627
367691,0.055467288
367217,0.055470737
363771,0.7132319491179765
359340,0.30881500155789293
370161,0.056338872
365578,0.056457029
353385,0.39455218929458985
358046,0.6481308404011867
374575,0.057253456
367418,0.057332604
372812,0.05771978
374463,0.05799436
357882,0.6714925447912589
358808,0.0721711040636991
357222,0.7357737464041487
365617,0.058876903
378407,0.058974672
360566,0.6043300156937971
363102,0.34102453886407774
373444,0.059641795
369593,0.060129161
364319,0.7401240588757827
353888,0.4490920806025822
369464,0.060959717
357324,0.427460111929027
363320,0.6362380735053474
362725,0.7406256960941378
372794,0.061936113
377432,0.062044219
371421,0.062414947
375460,0.062625851
374577,0.062745417
374600,0.062825822
353200,0.43527352825573556
377808,0.0631284
357128,0.7441280125318733
369186,0.063356476
357297,0.553780672185862
370276,0.063605217
360576,0.07953280586141909
365579,0.063826013
370256,0.064432058
365349,0.064529235
369617,0.064546788
367888,0.064739911
370918,0.065079572
372959,0.065081576
365750,0.065176283
360553,0.45195388416950194
360596,0.07731286984895226
355202,0.4780868720675847
360387,0.297577687554149
364293,0.262026697935927
354595,0.0901676794557071
366062,0.067015339
373254,0.067042762
361133,0.35539609145940115
361136,0.45717533018530904
374929,0.067845033
373237,0.06812026
358178,0.35539609145940115
376890,0.068410195
354663,0.3984167696291887
377801,0.069032858
367574,0.069238025
355155,0.39082251101431614
355378,0.12290323362479409
357488,0.23511085585490446
363863,0.5637466689902729
363284,0.7166639802494578
367422,0.072403711
363886,0.48274365111634054
375931,0.073154079
364165,0.06284617775376347
367170,0.073753945
357661,0.08630743625457092
364302,0.5395104162021767
374464,0.074337511
363478,0.2524293332078451
363289,0.366903529428631
361848,0.2830021888744945
356418,0.08215762947591845
373804,0.075810776
357287,0.5476528574428883
357322,0.3751391460698975
362586,0.5506234157051543
377954,0.077631029
367370,0.07818028
369395,0.07844815
375995,0.079027861
372636,0.079061842
355196,0.7401240588757827
355397,0.5464703022098483
364734,0.5400259732767979
354211,0.0874950582120647
374429,0.079562142
368544,0.079598468
369619,0.079705305
369455,0.080005903
378106,0.081096801
366077,0.081169531
356395,0.25064509797654216
368742,0.081566178
367726,0.081862831
362735,0.7618524190113474
364316,0.3962377517383716
369816,0.083187412
358569,0.5358114136995032
373405,0.083421517
370724,0.084010146
358040,0.41493404888355206
354417,0.3508043464084169
355801,0.6907919097837049
372901,0.08591786
373383,0.086202968
371622,0.087732552
365771,0.08775415
377454,0.08875233
377351,0.088890522
357064,0.569249083506984
361456,0.4263169406328489
372803,0.089474341
362823,0.3552349697633114
357905,0.44324158571880096
369344,0.089698029
365908,0.089698435
369945,0.089734927
364201,0.4409366343571862
377798,0.090009871
373805,0.090263149
373825,0.091404814
368990,0.091670241
356789,0.5967366919422153
360833,0.36161068685609604
377610,0.092420001
376640,0.092429242
376215,0.092709666
352651,0.08677451577231418
360254,0.3684659213086317
375567,0.093277212
352558,0.0721062117931316
362226,0.5230152210071272
378082,0.094091457
360572,0.09909355322517822
369323,0.094582536
373235,0.094623351
375292,0.094651385
368098,0.09468092
361576,0.3783102149071136
366676,0.094914228
365251,0.095605154
356214,0.499436077333773
375409,0.096135064
356017,0.30592321819655605
365326,0.096364509
361431,0.27420032974566616
354607,0.5260754392122932
377604,0.096737399
366516,0.096802348
354642,0.26052634934227503
366717,0.097704543
370834,0.097713898
362131,0.40877112114195696
366707,0.098529174
352249,0.5678029516745575
378404,0.099416715
356612,0.5496971558639526
354928,0.1457098647367838
367398,0.100402997
371289,0.100831208
371058,0.101024404
372843,0.101469112
375901,0.10211581
365618,0.102405209
359371,0.4722092588572655
368745,0.103051937
374116,0.103140602
358199,0.08630743625457092
367552,0.103802098
356588,0.3578079348529385
355090,0.7871950582363988
355418,0.3410023565545432
361617,0.47407557144596263
370551,0.104374646
368414,0.104392507
367389,0.10443925
366859,0.104568692
362147,0.6219946360210065
367410,0.10517104
366598,0.105205456
361008,0.509885724421405
366121,0.105387888
361706,0.5922599298157034
371969,0.106278604
358482,0.3552349697633114
372702,0.107838016
355558,0.7374413748282841
355762,0.507614130960329
374098,0.108868475
367003,0.108920711
369187,0.109465443
354448,0.5624376627548716
375315,0.110116931
354218,0.44507659461446436
370380,0.110200111
370266,0.110209134
367518,0.110498743
359732,0.31590760507138893
369472,0.110845864
366125,0.11091416
371405,0.1111557
358443,0.4490673651436484
372540,0.111526427
376216,0.111595389
370733,0.111649399
357849,0.35937035899501646
354780,0.46430834440980895
366082,0.112212043
353172,0.4723778322164384
354054,0.6720982281753077
369299,0.112722589
376235,0.112971214
366666,0.113252606
368422,0.113553332
358464,0.9874366875342834
360604,0.45666101706475437
372678,0.114399781
371773,0.114529638
356216,0.4670534617088609
366821,0.115238949
355753,0.4332304176291388
376919,0.115834837
355204,0.391181243281801
361822,0.40432156146188003
357259,0.460922721510907
369177,0.116772438
356410,0.08017816574263499
352343,0.7880758968726358
353878,0.5699908092593728
360232,0.6170006578353829
364977,0.07069579689689443
360079,0.3900689932542927
373121,0.118499865
355179,0.4920968433569835
366104,0.118845863
376684,0.118984048
356316,0.2768741016775061
360034,0.6209947791203742
359639,0.3649865998066013
369876,0.119718722
354245,0.28676518146878294
377775,0.120146695
377464,0.120158162
377202,0.12051272
364038,0.616253974489543
364184,0.5889177363129244
372130,0.121477761
354177,0.7357737464041487
370913,0.122025941
364278,0.3978597979003187
374328,0.12273051
368043,0.122784146
378102,0.124209514
354831,0.45064008402032657
370005,0.125443802
377196,0.125520557
364169,0.5366199923685379
371926,0.125712733
365262,0.126242962
362298,0.5444489325719771
370220,0.12639896
358472,0.3883654972494189
363746,0.3830709411537498
373238,0.127815818
363909,0.46986747630583525
376811,0.127874855
373654,0.128088359
361711,0.7437848156958249
358248,0.8198175258729489
356949,0.5166587579832654
371801,0.128409037
357715,0.5400702138709973
365320,0.128624184
376995,0.128770618
357866,0.1842720642994479
364318,0.1005036036255584
370886,0.129447375
370899,0.129508488
376986,0.129644569
368560,0.129877989
373813,0.131015549
354603,0.4007828706275839
358850,0.5558339592062436
369968,0.131557877
371300,0.131735124
373950,0.131752921
372907,0.131802253
371825,0.132027743
370142,0.132403125
359377,0.5037578185021935
372558,0.133122608
358036,0.4375135311404037
366094,0.133806383
355909,0.49362009859351286
370582,0.134220312
374554,0.134264495
361690,0.39583918343289326
377037,0.134679834
357478,0.4445154366311883
364454,0.6607953236613957
376349,0.135347123
356742,0.1629328940857005
365247,0.13563165
353549,0.1415558569904428
354260,0.6709283107074684
358593,0.33655935663104675
374434,0.136601967
376668,0.136872927
354661,0.5932360457221562
375618,0.137295085
364191,0.47922045545197534
363143,0.4211405282033773
363472,0.4553975827305363
364717,0.35712193992516483
360998,0.16471670601145538
360820,0.4238880518592745
369325,0.13868832
378049,0.13888441
356966,0.40520455493532814
371286,0.139519086
356624,0.7605264237186004
372962,0.140667448
368998,0.141015863
364667,0.5497432729586784
377467,0.141801409
371601,0.14182629
358250,0.1500654525108639
364735,0.5788887065439393
367178,0.142669019
371407,0.14291516
363569,0.17046145701520954
375437,0.143072818
361552,0.7789549520651451
371299,0.143971647
367355,0.144014562
355822,0.4555018820819167
359131,0.7506959387139279
354609,0.21312626814102267
368993,0.144988298
368051,0.145852158
358252,0.49768332635755175
370560,0.146015739
353236,0.4553975827305363
358946,0.21140118446392242
368083,0.146281778
378380,0.146394504
365186,0.146411915
369126,0.146657158
372357,0.146875045
358834,0.43873978405810776
375474,0.147376957
374452,0.148334121
376901,0.148546633
356246,0.5042816054340805
358273,0.4542389736434136
366697,0.149623997
366881,0.14975317
367731,0.149912332
365166,0.150124125
362225,0.6963604770179201
358455,0.07613907976097416
377952,0.150692278
359642,0.14267482195119457
369991,0.151264235
359656,0.6760401981418901
360652,0.5036686897391786
367341,0.151610036
358993,0.3588380207183487
376781,0.151918408
361839,0.44867761588692334
352487,0.44092998045991416
360225,0.3554443397300637
369594,0.152794325
363767,0.7401240588757827
366649,0.153038054
367549,0.153449418
352858,0.22443541301119302
365310,0.15360418
357848,0.3578079348529385
373253,0.153755066
367513,0.154655273
363788,0.5359220675326468
369462,0.154754947
371786,0.154824184
370212,0.154931434
355791,0.42984058835996103
367713,0.155430819
366126,0.155656613
360081,0.39474664847398566
364186,0.2112763716762974
355388,0.36798038599981253
361298,0.5772063277408213
370152,0.157791481
353032,0.0888222969120943
376493,0.158573282
357237,0.034976633658379316
369629,0.159407947
369996,0.159780683
376108,0.159959857
357294,0.35407134280857544
368565,0.160646764
374732,0.160786646
367010,0.160876131
357313,0.6248341859321634
368382,0.161096602
377652,0.161921699
359652,0.3433002511560824
367906,0.162646814
365768,0.16285512
361295,0.5543233072244531
369989,0.16339302
362955,0.6407289354293801
367534,0.163525766
358229,0.6772738530157066
366863,0.164083427
359499,0.810328220915845
373210,0.165166274
355566,0.13450576675668477
376914,0.165937903
374462,0.16709155
364692,0.4524630389260282
370268,0.168039503
354263,0.5321389931616503
366889,0.168618836
361143,0.15554968541285916
374770,0.168786999
367388,0.168918086
359500,0.38725616079759706
365180,0.169072122
358235,0.5669716285563099
361011,0.6785515631315965
362227,0.5788887065439393
363276,0.5392481256056744
361843,0.581626724934876
365409,0.170834571
356055,0.553780672185862
368681,0.172327355
354662,0.5704228258239956
375911,0.172644507
367401,0.173092148
365270,0.174091657
373835,0.17410136
370167,0.174307521
378397,0.174771698
361024,0.6482945799153045
361000,0.6776075882411743
375602,0.175341075
356787,0.6259512522225978
365461,0.175747247
377303,0.176100232
362853,0.4708196889091969
363588,0.7582337877595916
366059,0.176404833
370900,0.176651851
367633,0.177038309
353047,0.14267482195119457
352254,0.5228022538457621
367372,0.17841763
367874,0.178551841
377792,0.178849189
358033,0.44424205570852127
360567,0.5249207701067522
356140,0.4323176762711625
371589,0.180348853
352685,0.7501388081129516
362871,0.4322084626766699
365734,0.180829836
358253,0.45462847102126436
369012,0.18124086
355795,0.7419895759155991
361280,0.08441194290583676
371970,0.18240824
358144,0.07990217548791072
367550,0.182782657
366502,0.182793549
368380,0.182914952
365769,0.18313959
374140,0.183214974
360288,0.5050178315920956
355436,0.152047936653529
373460,0.184107018
374126,0.184175151
354854,0.5954602246987749
361286,0.3649865998066013
363137,0.09651322357323772
356632,0.4200056591327022
371971,0.185301989
355673,0.6209947791203742
372810,0.185683798
354413,0.7258628893767993
375060,0.18620412
376093,0.186239441
367185,0.186360215
365589,0.186862684
361296,0.9872302041909075
359362,0.3646322550510895
355222,0.7409716508445874
357116,0.389475991612999
355667,0.6488058807665977
354824,0.5248997890263373
372512,0.188286966
364109,0.2941713736631459
373992,0.189268976
377624,0.189327441
359828,0.47230081630693477
364193,0.7418354041738746
378186,0.19005361
366845,0.190458831
374919,0.190971359
353209,0.20843307466708522
367409,0.191273028
360847,0.7582337877595916
372692,0.191468944
370902,0.191524646
371250,0.191602154
364739,0.5722741078292918
362483,0.7132319491179765
356303,0.1320474692461589
354612,0.11278050210572155
373105,0.193742735
357701,0.3977976354152916
353213,0.5499116674725891
373452,0.194080634
356859,0.32593877780090624
363896,0.6362380735053474
358616,0.48977503705481995
375696,0.194753787
365246,0.195128288
367733,0.195278744
360037,0.407460847699074
355147,0.06427333030217806
375442,0.195709764
355362,0.0874950582120647
356601,0.10874956415320061
357081,0.4507147333948661
366888,0.196101427
355761,0.7224360663658894
360018,0.6648077661888326
365073,0.3443301156134083
373461,0.197141036
365735,0.197334531
370569,0.197612895
354616,0.6871832713799864
374315,0.198052088
374920,0.198235872
352866,0.34472570707228534
360562,0.7399094062769104
367191,0.199790415
375049,0.200004008
360292,0.3488634097845396
364986,0.5803371176240232
360293,0.6407289354293801
358264,0.1339513283730561
358721,0.7892102784033966
377455,0.201230292
355776,0.5134652832695378
359498,0.49987966769351083
360058,0.4020513006653939
375784,0.202747238
365313,0.202818124
373091,0.202853347
362153,0.5980117780798739
374113,0.202979935
354226,0.16137188285114418
368734,0.203348684
365420,0.20351132
375210,0.20365417
370287,0.203970363
371411,0.204666576
366693,0.204717507
369784,0.204766792
366108,0.204945372
356611,0.5428143825262627
364195,0.08701679392391637
372136,0.205094136
360046,0.34804792390307054
359768,0.12844557734293788
370538,0.205524846
357442,0.06657794243817833
359255,0.5883499157004516
362273,0.4097213893964786
360997,0.778447425662923
367688,0.206955012
375293,0.207597016
376889,0.207835027
368416,0.208215382
370187,0.208613499
362930,0.633092651902468
367334,0.208972158
372683,0.209258336
373683,0.209943472
362800,0.264286203286234
371642,0.210572511
358063,0.3906039081356526
358195,0.4601692881145123
375297,0.211388985
363040,0.7736270606548072
361589,0.38547333110350507
371609,0.211939097
358066,0.6445207839474003
376646,0.212322267
370125,0.212586813
365197,0.212709552
372255,0.212717193
366674,0.212911168
352472,0.36957689593264154
375457,0.213600829
374292,0.213911765
360954,0.7325513684382275
374330,0.214654267
358970,0.09474432497204131
362208,0.6664704741303255
378426,0.215953686
355757,0.3814526912568149
366853,0.216735825
366498,0.216872462
361860,0.5772063277408213
368246,0.217223868
365460,0.217500027
367218,0.217940411
369625,0.218160601
357695,0.18894189193129493
372090,0.219020915
366273,0.219223905
368974,0.219617438
353059,0.6524411435549801
367724,0.220191391
371618,0.22058045
355813,0.1611185116461457
370382,0.220606023
375615,0.220686425
372796,0.220996306
367847,0.221317928
365415,0.221594084
364706,0.3861479925385521
354804,0.5499116674725891
371605,0.223857247
364488,0.13449431598444342
367523,0.224515307
365761,0.22486839
368733,0.224925585
376657,0.225089312
356968,0.31926006967637693
366954,0.225208219
360088,0.4555018820819167
364020,0.5786185433297417
353396,0.3695349488231008
364751,0.5222660580970128
355156,0.40100488568722364
361001,0.5230152210071272
361857,0.6454660828592432
372251,0.227690973
356765,0.4157911215708501
365269,0.228151448
369814,0.228236337
364315,0.6498028616079349
354220,0.5252427220097794
368675,0.228480378
372888,0.228998264
355705,0.34804792390307054
377783,0.229610398
364983,0.6683485193174775
366490,0.229665427
358138,0.9530998765398276
361446,0.4116287363606549
377797,0.230395226
369015,0.230461531
374784,0.230469192
352329,0.6248341859321634
369279,0.230900909
354788,0.0690158440624425
367743,0.23249742
359654,0.5324227518543856
356300,0.43741427771113267
357458,0.38298959706930147
364312,0.19479276645759291
368858,0.233584514
374758,0.235263416
376242,0.235424242
371417,0.235769351
371047,0.236170558
372569,0.236974431
355806,0.6460364132385801
371771,0.237474714
354630,0.3578079348529385
368518,0.238083612
365272,0.238141751
353233,0.1320474692461589
365206,0.238385575
359134,0.7437848156958249
354836,0.13041515049971442
367577,0.238826094
365432,0.238832652
354790,0.0915313932873466
355380,0.2463405357641886
369176,0.23919977
360651,0.16826600713064035
357107,0.7369357665158377
361705,0.4642191714223261
371264,0.239547349
371254,0.239672615
374754,0.240246522
364770,0.38838173824280303
369982,0.240440249
358071,0.4928329659696803
359653,0.553780672185862
373467,0.241248283
358481,0.7409716508445874
357702,0.7612475802284735
356407,0.0812932373586121
372309,0.241670255
362953,0.28720402125141625
358207,0.38166547160451814
355756,0.46394168477335557
372231,0.242328861
357682,0.42247041246237144
359477,0.6181168644862326
365195,0.242890364
369465,0.243394897
359607,0.6783835260258162
357497,0.25873448006656674
359610,0.04334870607215595
352686,0.5576693976570027
361450,0.5788887065439393
356629,0.435468405260077
372689,0.246265012
374939,0.247038506
357233,0.5684620231742109
366662,0.247460089
357089,0.2740767751464786
367392,0.24863238
360516,0.15402674387868906
362285,0.7362305201503062
364041,0.5222250842436988
352497,0.7551941861029331
371655,0.250488385
377639,0.251063418
375601,0.25111368
371636,0.251268188
356037,0.3654532477168667
365383,0.251969597
355724,0.5322713565490808
354446,0.09902078436614956
358001,0.5596818388797917
363918,0.536247403993234
376906,0.253295891
358977,0.07915042485863043
376123,0.254018435
373958,0.25401929
371393,0.254109672
374913,0.254171378
366689,0.254461376
359244,0.4408033244734722
364200,0.3552349697633114
364289,0.3978597979003187
353545,0.3225483490350324
363770,0.08057429961513797
354810,0.7637439460280514
365888,0.256253708
364176,0.1722152403367917
378403,0.257175844
361303,0.817824482603074
361118,0.46260099565413565
353248,0.75969789214982
356484,0.054163696994660365
354619,0.27167554601282295
369815,0.259126383
355426,0.4494590686306306
363905,0.6703518739997624
371832,0.259720205
352700,0.7098430741797593
370155,0.260334369
373245,0.260981643
368573,0.261036554
362458,0.23802698775473932
353847,0.545821782939946
357862,0.5933919323944308
364601,0.4866687134468687
378223,0.262707957
371625,0.262990524
370370,0.263274187
367201,0.263581261
378094,0.263860409
375463,0.264222894
361137,0.8341168855950359
356884,0.30881500155789293
374630,0.264525785
378239,0.264691911
369192,0.265043098
358214,0.38683631594294826
375478,0.265193444
376980,0.265197335
378027,0.265198807
376348,0.26540015
362472,0.2854104925403187
368214,0.266355177
374419,0.267182521
370134,0.26835383
355403,0.6883317793714026
358849,0.538022628121487
364694,0.15094538928126322
364597,0.4329637030075065
373814,0.270410053
352704,0.5270007956980628
358708,0.3684659213086317
356763,0.436652937987925
358008,0.5399154579135729
377333,0.271724007
362242,0.38547333110350507
357677,0.4257558633524364
359837,0.18939363015005004
376226,0.272602358
354447,0.7369357665158377
369818,0.272735802
361020,0.38838173824280303
359863,0.6114206090687203
368680,0.273601236
352696,0.6460364132385801
371270,0.274868142
358281,0.6286965762937174
374426,0.275007985
356918,0.23137506514002867
362490,0.38315405612562403
357124,0.4339537192622454
374918,0.276590712
372806,0.276865791
355392,0.3464673968929209
373384,0.278008908
358430,0.5846721618144679
363753,0.6697473377581047
365001,0.5506907997329986
372109,0.27887722
358222,0.19405431242151525
357086,0.34804792390307054
359674,0.731403817276844
358064,0.1708870953489434
366524,0.280142626
368658,0.280216002
360558,0.5339126111523403
364666,0.2820226699789527
353494,0.8644744532938097
355420,0.4217522406831819
368728,0.281247762
365429,0.281659124
375913,0.281776184
360286,0.6542463059329018
360583,0.24719477045539526
366207,0.282627519
372765,0.282708077
358054,0.46986747630583525
365569,0.283105735
366872,0.283128408
367885,0.283147369
360386,0.13443270892859244
376885,0.284791914
365863,0.284809621
368930,0.285116275
360649,0.5968880036373098
372701,0.285619793
377361,0.285637252
365756,0.28643695
366688,0.286591983
375610,0.286607905
365621,0.286986969
369430,0.287151219
378103,0.287322335
363895,0.5883499157004516
358605,0.5569872379459729
353579,0.3934091278582881
378395,0.288295858
373896,0.288387187
364693,0.09755746968973356
364624,0.2644551377907393
376911,0.289512421
357892,0.13587834004088598
357115,0.10978984802159272
366683,0.28983722
368389,0.289935561
369294,0.290017228
364673,0.7717236446206953
372657,0.291191087
365889,0.291557581
377203,0.291615487
363138,0.3890328262453665
367744,0.291781522
377777,0.292083578
371267,0.292403072
363149,0.7976778571535507
367894,0.292442402
365322,0.292790837
366265,0.292824111
373243,0.292960976
371571,0.29300692
355815,0.40664070409855096
374134,0.293527684
359469,0.42905613160741723
355428,0.6531093083651903
359668,0.6248341859321634
376897,0.295008732
370523,0.295361521
365910,0.296164013
357489,0.4920968433569835
367019,0.296204395
369014,0.296484074
354679,0.5108641682258525
358030,0.10559008548185608
360985,0.40580520567582856
371292,0.297225292
375889,0.2975362
377774,0.297976842
366090,0.297980084
360563,0.7817847785831235
356424,0.39474664847398566
357502,0.47348502895866934
359268,0.34783533704416764
366831,0.298372169
357656,0.14836660074045088
365733,0.300295678
359084,0.5295690185515789
377320,0.300733655
368602,0.300835719
376658,0.300908018
369302,0.301818664
371076,0.302078731
364307,0.6200974415371024
372770,0.302467559
357885,0.4905970893209046
371360,0.302785558
355810,0.7184910723246551
357506,0.6422517580573565
359247,0.670130511247963
361436,0.06952467740277447
365904,0.303785321
372782,0.304020873
372222,0.304103196
376091,0.304130853
362171,0.5021793741974243
369460,0.304502897
365407,0.304633588
364705,0.8052007944145578
370731,0.30554355
357090,0.24719477045539526
359941,0.43741427771113267
366709,0.305764137
353388,0.4380146780789001
374757,0.305838419
364261,0.20866174701843407
362002,0.8443851528182196
357106,0.09755746968973356
354239,0.3433002511560824
372704,0.3077653
367892,0.307834695
372570,0.307967717
359841,0.4638958920606359
360654,0.731318928019661
362733,0.2933039208887138
373369,0.308913978
373442,0.309282083
368258,0.310457934
376873,0.310469019
363304,0.2598061448130887
357706,0.183292647162108
368582,0.311035218
375471,0.312077819
357699,0.8561736911695345
357870,0.4599705722549779
366519,0.312407308
365753,0.312425984
365387,0.312516167
374620,0.312975284
367222,0.313126533
359852,0.5665298266540487
372310,0.313527097
354834,0.1339513283730561
360979,0.670130511247963
359506,0.4210313761475981
357274,0.3811901990142084
377157,0.31451222
353865,0.6002562296327599
373932,0.31488718
356314,0.4397851063000624
378401,0.3155974
371550,0.315621083
353033,0.3556855783980274
355429,0.540350900280477
358421,0.6423193666761117
377767,0.316681757
373111,0.31671796
354814,0.7418571052597807
369193,0.317674333
366517,0.317814791
370141,0.318128964
371402,0.318374962
361778,0.26750904655380137
365869,0.318782845
374074,0.31945936
356068,0.4200056591327022
369825,0.319876786
356058,0.46943975940250565
358434,0.5714753066516173
353413,0.6684492218708773
363345,0.6482945799153045
361408,0.5879379817902874
362851,0.8004418113958679
368730,0.322848827
352492,0.8581949228067509
371796,0.323405619
355375,0.3626078923352828
374320,0.323973273
378215,0.324144016
374608,0.32446076
360279,0.2598061448130887
355525,0.08761838939339485
370168,0.325628591
362866,0.0968090794913941
371957,0.325662123
356781,0.7642354852814447
355916,0.5874812376299926
364698,0.7199381607851297
355557,0.5802440118658169
375053,0.328209471
361292,0.6422517580573565
357888,0.27149914898279587
368099,0.328829759
357700,0.4478675942874112
369452,0.328892098
377964,0.329340968
377648,0.329749718
357321,0.32122962352407625
369431,0.329859157
368601,0.329944445
364189,0.4333554983292979
358841,0.3783102149071136
372129,0.330503371
369005,0.330515749
354942,0.3698361706150854
355434,0.4928329659696803
360053,0.5773949915663192
369022,0.331119439
371627,0.331176812
357261,0.09431456491251555
367846,0.331473892
356384,0.407460847699074
378075,0.331716491
370907,0.331799773
363902,0.5200742996048704
374302,0.332587184
378229,0.332811139
354254,0.6248341859321634
373996,0.333164303
374114,0.333414457
369971,0.333443719
367914,0.334000366
377480,0.33402981
358228,0.7568247461387984
359201,0.2941713736631459
373446,0.334685893
361160,0.4490920806025822
374115,0.335150159
366259,0.335344487
376669,0.335968685
366242,0.336111755
366081,0.336306264
373232,0.336318785
359658,0.42527266071292075
365414,0.336616193
370712,0.336901064
370817,0.336928434
358819,0.1575258381332842
361866,0.10595293686212473
376478,0.338006036
369975,0.338124937
360846,0.750026948875996
376908,0.338345601
360648,0.0684355779894885
360396,0.39008265794492214
368383,0.339332356
368395,0.34008439
358968,0.4291114530683494
366980,0.340615857
366978,0.340950082
371795,0.341062527
352307,0.44424205570852127
371520,0.341471226
367425,0.341608595
376092,0.341960258
356608,0.418947857023266
359141,0.5421238287234037
360593,0.10200611387082557
358044,0.778447425662923
354015,0.04996122116121773
375776,0.342420559
375408,0.342904938
374294,0.342947213
369992,0.343431942
360591,0.6422517580573565
365909,0.343619314
357705,0.4361375221165411
371599,0.343688378
378304,0.343932715
352253,0.7325513684382275
369456,0.344632436
367360,0.34512453
365410,0.345702047
362864,0.4890401326186796
367545,0.346028746
374903,0.34605615
360015,0.7798401839089056
375063,0.346348946
354432,0.5617382581694893
372099,0.347897573
352880,0.4565026318482256
378230,0.348378435
376336,0.348557067
367176,0.348584263
369028,0.34874998
356589,0.3529772001122997
361144,0.4362647701781006
367544,0.349102726
358470,0.47342529901565644
356630,0.6542463059329018
355814,0.4013165372703814
366799,0.34966168
352291,0.45887617051500396
365439,0.349725351
363751,0.4338916551827338
371634,0.349901207
368084,0.350063494
368729,0.352055588
353568,0.4116287363606549
354828,0.6421167304123547
369904,0.352710835
375178,0.353158454
376232,0.353600593
358911,0.30455989895311103
376909,0.353715055
363158,0.6631180536250331
360282,0.3996476413415805
375557,0.354332304
368547,0.354565506
372248,0.354768535
370919,0.354873914
371106,0.355366608
352670,0.6545681401828772
371271,0.35539215
370697,0.35540521
360923,0.32957665128983044
369949,0.355948497
374402,0.356047702
377364,0.356363509
367558,0.356611953
370736,0.356633195
362247,0.2158122691662877
361836,0.6177485568788347
356311,0.49362009859351286
364780,0.6254357083252358
373972,0.357045211
372874,0.357251958
366960,0.357793743
374904,0.358159026
367174,0.358601044
361291,0.7194906994239237
377476,0.359393401
367279,0.359580411
364045,0.15030002413990382
364468,0.13160827498515887
358604,0.5963236459147178
358258,0.16369499489979564
376618,0.360737582
359142,0.5628213832923737
357466,0.48423696941624483
353540,0.08419316289040564
358242,0.5645066119777814
363131,0.4536588124574439
362154,0.16826600713064035
365265,0.361652285
363337,0.7007365181250156
373987,0.36173985
353586,0.48104150991691313
366953,0.362437766
372879,0.363036618
361285,0.6200974415371024
367379,0.363213545
353415,0.6114206090687203
358733,0.41040763747360015
366089,0.364430391
358960,0.14357413063386168
358989,0.3984755859188293
366243,0.365432011
358268,0.7372750423125166
377451,0.366343605
367851,0.366350043
364223,0.47407557144596263
364033,0.6325425874192523
377213,0.367066147
366975,0.367235862
368212,0.367426583
358835,0.4239991674742522
365413,0.368007927
377353,0.368154044
376495,0.368558317
371930,0.368664482
367929,0.368675254
371797,0.368763113
368853,0.368908177
363580,0.3512393797634105
356165,0.47230081630693477
363476,0.38547333110350507
357490,0.7562768651650721
367559,0.371306646
368832,0.371364111
367692,0.371744162
360391,0.49247113789780395
368585,0.372619296
357856,0.06094124614833525
361580,0.4896524547749355
357302,0.29015403629258346
366928,0.372995377
370144,0.373245655
354569,0.7357737464041487
366977,0.373664038
364148,0.9613764342806143
355091,0.456046662254482
361152,0.608808057269168
368077,0.374049567
359260,0.3840565729511569
373650,0.374459402
362136,0.49316654099360696
354442,0.5953258198378149
378391,0.3748375
367564,0.374859881
376358,0.375120024
365445,0.375404956
356773,0.3149227722549982
362481,0.09902078436614956
374765,0.376351352
376667,0.376559898
368405,0.376686863
373966,0.377215046
361284,0.3978597979003187
354966,0.8581949228067509
376861,0.377898802
353205,0.4322084626766699
367588,0.377972093
359946,0.2617372371417127
371978,0.378382678
371401,0.378545661
367900,0.378611235
370232,0.379124724
364467,0.7087286910899281
371066,0.380180246
370561,0.3809233
354837,0.1875824267216974
353848,0.7612096837258897
364702,0.47575555746192116
371588,0.381911692
365892,0.38224122
369961,0.382498208
377642,0.382645804
373088,0.38340633
369252,0.383468359
377358,0.384013371
377922,0.384014089
363130,0.729712347836459
368578,0.38461561
367727,0.384974311
378428,0.385517253
376900,0.385554357
362848,0.6255630770949634
374308,0.38596589
352654,0.40852331338151454
366964,0.386412787
376109,0.386770149
365424,0.386777579
356752,0.3896120733888974
357693,0.45024171093818316
376299,0.387277701
354821,0.5953258198378149
354013,0.15628959060250391
357447,0.3400240082690253
370137,0.38810686
373674,0.388366376
362855,0.6506687763890161
365902,0.388406245
364470,0.6181048782062883
361845,0.4116287363606549
356034,0.0901676794557071
372909,0.389131329
360989,0.06231903972132573
369154,0.389692625
373114,0.389819466
373095,0.39000535
353220,0.0988991578801872
357341,0.5825157344415476
371628,0.391215008
367381,0.391297915
375209,0.391501853
358588,0.3387504403381669
374601,0.391918093
364495,0.6754879597707006
367020,0.392342096
362736,0.12047706406942099
368660,0.393198068
368047,0.393444798
362916,0.3234144544045888
357100,0.29850542308266764
366686,0.393955837
373933,0.394145869
361854,0.3660702547638161
355556,0.4153834015747336
358300,0.30059970283734777
366085,0.395399497
354911,0.14228671474088744
365619,0.395530681
363145,0.24719477045539526
354618,0.18822636042666147
356016,0.6783835260258162
367187,0.396200511
369972,0.396925558
369469,0.397146706
354428,0.5526905741088513
364484,0.45643031736526135
363167,0.18891687462134463
368747,0.398967835
357717,0.6153360795586749
375617,0.399362702
370843,0.399837628
355729,0.14366660466795023
360400,0.7568247461387984
363023,0.44136627464350964
354669,0.5980747464309044
376110,0.400919712
366511,0.401119589
352691,0.2950595723966026
358442,0.06721161592739404
354465,0.4595998454186866
375782,0.402868928
356605,0.48826581250594153
370554,0.403286482
354943,0.3889761386954068
360231,0.30592321819655605
359781,0.32996056207248475
362142,0.34846486612546845
371950,0.404613013
369984,0.404866795
367212,0.404873585
353592,0.6041646898701504
372245,0.404931337
354813,0.10694924080591243
368407,0.405069834
376653,0.405174591
361158,0.5217384525060381
372811,0.405360091
360584,0.08227026446086275
367889,0.406408775
374127,0.406436619
372451,0.406698084
378076,0.407199486
376836,0.407306891
359269,0.47997833224096237
371016,0.407502936
355376,0.16361883868856172
373362,0.408039373
360041,0.41696716891450986
375470,0.409100565
364304,0.6685799340040103
369332,0.409771754
368081,0.409891175
355361,0.3501753762643977
359390,0.5877860632053951
364455,0.6651064909446198
360072,0.6471041802103612
358037,0.5883499157004516
371275,0.410655526
367420,0.410673395
363441,0.6680824114435572
360078,0.0917934570923318
377601,0.411434421
369441,0.412113008
355386,0.08166581072613573
353566,0.646979208026283
374756,0.412543898
367411,0.413013948
367872,0.413034939
361574,0.4362647701781006
357455,0.14357413063386168
365438,0.413842876
356195,0.5749688335493868
356745,0.5047417022398967
373257,0.414770701
375774,0.41516626
359857,0.6298089557557338
362152,0.4362647701781006
368716,0.415859662
365468,0.416054313
367358,0.41691488
372903,0.417746556
361559,0.47729408247584004
372201,0.417785414
368902,0.418330574
373476,0.418570932
352337,0.5704228258239956
373112,0.419195424
354262,0.5929722067188038
375763,0.419765822
354818,0.9624070376490512
373675,0.419881514
362450,0.14357413063386168
354930,0.5294740655149816
359467,0.39668608746758655
356156,0.4949002171418368
354759,0.47621184654381116
375197,0.421023707
374624,0.421180848
355364,0.3508458503624595
353589,0.4747716159196928
374551,0.422711013
369296,0.422735434
376679,0.422859951
353234,0.13229906219385867
366275,0.423270429
368066,0.423607233
364150,0.4601453848712533
361835,0.4368459752111879
354628,0.3619877918758203
374776,0.424676126
370711,0.42468564
355555,0.8561736911695345
367567,0.425442434
373667,0.426004861
371071,0.426300877
359945,0.1320474692461589
369630,0.426706104
373443,0.42698306
374325,0.427050671
361570,0.6203083727778295
364321,0.7132319491179765
368819,0.427522796
352298,0.11067817719442641
361550,0.3915239205142753
377497,0.428059579
370557,0.428479315
361002,0.4116287363606549
354223,0.11278050210572155
366838,0.428926556
358621,0.6542463059329018
369792,0.429464903
370743,0.429655649
357304,0.5700756387014015
361278,0.2411011631378264
371037,0.429844249
362858,0.7789549520651451
376049,0.429910881
377857,0.430376503
358432,0.41696716891450986
361302,0.48275226500243573
356969,0.3552349697633115
358239,0.48258139343557577
370889,0.432287339
365448,0.43237081
375282,0.43258389
359487,0.6200974415371024
354973,0.6813662197950308
377628,0.433228548
361581,0.1320474692461589
367383,0.434228189
357327,0.44022225268431714
362934,0.5014054504229282
372958,0.434682425
365559,0.434810617
364452,0.46670808350187487
352330,0.5915735781366697
355347,0.7357737464041487
376088,0.435258503
358167,0.4322084626766699
374107,0.43616961
360388,0.6622607501855069
377473,0.436754597
354407,0.5714753066516173
363455,0.6984838009653525
368852,0.43725337
374122,0.437363914
371963,0.438202352
364610,0.34478432446489665
364303,0.27080405937298163
377793,0.438563582
357841,0.9776985239120252
358726,0.23136136443863634
355755,0.5214238668437753
371624,0.439481104
355827,0.7409716508445874
369604,0.439943373
375265,0.440206678
365704,0.440507114
353386,0.48652392550798523
372352,0.440780711
373657,0.441085749
374305,0.441198734
361837,0.3517133074921214
370707,0.441297464
368709,0.441391541
361689,0.223379126097377
368139,0.441883904
369007,0.441913817
372914,0.442166323
356429,0.4555018820819167
360577,0.4613505635775731
362479,0.7127780477425153
376979,0.442648926
361592,0.4502483921872526
363339,0.4148542497990645
376887,0.443290801
371379,0.443388494
367578,0.443659734
372893,0.443980052
361864,0.6594197537851259
374769,0.444810477
370369,0.444828891
364023,0.5266187803945667
361015,0.14467738085982698
368827,0.445906353
370384,0.445958427
358828,0.6106733695508093
373392,0.446978317
371406,0.447094048
360147,0.054163696994660365
352503,0.7359633471584406
359737,0.4323176762711625
360069,0.643177377261906
375051,0.448185103
367871,0.449207707
377479,0.449632209
377472,0.449697009
359959,0.4397851063000624
360263,0.5883499157004516
353879,0.4565566748464176
355548,0.20883231700336763
367213,0.450874441
354970,0.13572993382107174
352705,0.46993211244774186
361998,0.7568247461387984
375185,0.452768908
366847,0.452818948
369432,0.453024648
363346,0.778447425662923
370719,0.453739672
356409,0.6758557907012865
373672,0.455286189
356305,0.12489986867291605
361273,0.47348502895866934
372358,0.455799469
359925,0.35938998041427195
374172,0.455871617
368038,0.456095895
367903,0.456142011
373436,0.456260487
353823,0.9880515173664954
361859,0.5562694383258202
372261,0.458054447
364724,0.778447425662923
358298,0.45140524150915873
354045,0.7582337877595916
363900,0.778447425662923
361445,0.32930975311447885
364778,0.6445207839474003
355716,0.9779551944664553
360062,0.0812932373586121
369121,0.460108194
361266,0.23828495463649962
369029,0.460699339
352819,0.2985914010348723
377607,0.461021645
372328,0.461096606
371062,0.461309239
376227,0.461427982
362947,0.5181450837779275
358601,0.5230152210071272
359638,0.09474432497204131
371620,0.462027551
352484,0.573322343874474
372781,0.462118257
366680,0.462302358
357858,0.5317025134407628
364323,0.47925289382842823
377778,0.464340316
355772,0.6421167304123547
367198,0.46513406
352680,0.3552349697633114
360085,0.11752818374568035
374632,0.465968559
364592,0.08419316289040564
357303,0.5230152210071272
357874,0.507614130960329
365588,0.466549739
363774,0.47698881944423255
373964,0.467019747
353077,0.4211443305132689
365875,0.467390275
355737,0.36759879653487465
359785,0.7331235286865037
373271,0.467775132
353890,0.2735805718791954
354604,0.14207601645939982
357468,0.34478432446489665
356736,0.5608892178541032
363328,0.6812038701601673
364603,0.62213806665411
360029,0.6412451485159127
354819,0.15218354534828094
366982,0.469489824
368167,0.470049541
367380,0.470088882
355424,0.3928306262127324
352312,0.36957689593264154
357292,0.33012020522517865
372804,0.470911111
357712,0.24200714404766951
376476,0.471244534
362715,0.46506419901461266
365244,0.471936383
353376,0.6673742775238138
369474,0.473133645
374131,0.473485861
356372,0.6648077661888326
371069,0.474170914
370539,0.474354363
358280,0.4257972295400463
376881,0.475508237
364464,0.3060456718163938
368401,0.475943045
355402,0.28340010474210814
359398,0.24812843245720315
370219,0.477535841
358034,0.3766801393605329
363756,0.7562768651650721
353843,0.18282459695428796
369024,0.478164778
367562,0.47862157
359848,0.2045924854632225
369965,0.478688657
374303,0.478796445
365558,0.478943758
360814,0.0916598424955679
354633,0.3433002511560824
369328,0.47964186
369986,0.479946549
375203,0.480690352
355740,0.6608603182621015
354670,0.540350900280477
357291,0.5929622381713611
358837,0.52312302106674
352692,0.5764496079717795
367016,0.482160772
369306,0.482939136
354440,0.6622607501855069
361545,0.6332652923515544
367524,0.483611928
371288,0.483645462
377349,0.484345131
356248,0.16826600713064035
357318,0.528188386252031
354629,0.5923428593182181
359468,0.4239529368725732
363571,0.4717576673342349
373670,0.486700161
377457,0.487279026
360521,0.063287439172987
364687,0.7127780477425153
359762,0.4670534617088609
357482,0.5169373693079672
378245,0.487959549
361145,0.6586584888290797
355545,0.3059076810166667
364670,0.14777716970171192
374731,0.488465296
365271,0.488574654
355171,0.7277822191186682
359365,0.6294224139205205
367704,0.489392912
369336,0.489526867
373391,0.489754349
375450,0.48976164
373275,0.489985333
359339,0.13506562114425164
363590,0.2582663151450214
364964,0.44555649681554477
358626,0.536247403993234
370547,0.491121651
367234,0.491674212
367703,0.491763986
373931,0.491926168
355546,0.3769273743893121
377962,0.492580881
365587,0.492695621
365731,0.493381913
364729,0.407460847699074
370230,0.494275104
363157,0.4775430906536792
354968,0.7701333617869605
377356,0.494630593
373124,0.49468017
358740,0.38547333110350507
373109,0.494757091
377459,0.494961634
364163,0.6502391874541846
375919,0.495768811
371260,0.495931593
375312,0.496214086
362914,0.26211908296980224
373252,0.496603421
374593,0.496673741
353875,0.1339513283730561
368701,0.496925658
361986,0.33112635735524837
367648,0.498793037
364728,0.5231956340713706
357861,0.4458891452566616
365430,0.499772602
369468,0.499789955
374610,0.499867184
369944,0.499932841
368259,0.500079094
363034,0.30942461248644126
374741,0.500505069
354625,0.08131606687372699
368673,0.500782843
370223,0.501026122
370703,0.501082199
364926,0.531661996990178
364332,0.5959217507524299
364599,0.6248729660679504
366682,0.50249624
373475,0.502534348
364460,0.5489119742302636
361594,0.23304906646873516
372533,0.503500162
368234,0.504297178
355146,0.08419316289040564
363712,0.37087149264559877
366631,0.50474978
355540,0.4804460430281509
355389,0.5883499157004516
375605,0.505037548
375609,0.505075585
358975,0.2441350956419324
356220,0.5750503866952072
364011,0.49247113789780395
357295,0.3912430435708116
373684,0.506270123
376335,0.50631058
356403,0.4020513006653939
368286,0.506845428
376339,0.506908205
365436,0.507301137
357526,0.5333572352135537
355198,0.7132319491179765
366491,0.507592096
364715,0.5883499157004516
357209,0.5556089900489529
362952,0.3894922494729816
362891,0.5515286554815403
370221,0.509424114
372112,0.510385073
366064,0.510580002
373967,0.510802215
375751,0.511328933
371810,0.511543382
369486,0.51180002
360655,0.17209597190596182
368723,0.512343853
359954,0.49362009859351286
376904,0.512828584
367378,0.512919111
366654,0.513507243
376825,0.513790361
365207,0.513821825
352476,0.39354569802989975
362015,0.5587546797566231
355521,0.15046496012374302
359777,0.17257095096182726
373213,0.514470104
374908,0.515081515
360610,0.4760357918187687
356950,0.6248565864752377
363584,0.5407281901400844
355561,0.19265880991883164
367556,0.516159593
366993,0.516346169
370578,0.516610005
375932,0.516723366
352342,0.6599011633584939
370880,0.517046851
353582,0.7132319491179765
365163,0.517914301
371072,0.517981225
370165,0.51840363
367709,0.519114195
356043,0.09474432497204131
359633,0.674720722451059
358479,0.3261519992413653
376905,0.519777264
364299,0.2820226699789527
354258,0.6063929350746399
376999,0.52035818
361162,0.2902898738325673
376882,0.520708622
359126,0.1060325120627391
357817,0.30881500155789293
359110,0.08894731657828502
356792,0.13450576675668477
372263,0.522276373
359947,0.12489986867291605
377640,0.52238247
366855,0.522515018
367730,0.522827016
375858,0.522967
377498,0.523361947
371369,0.523398207
370286,0.523511135
353867,0.6459020264939571
353072,0.6248341859321634
365884,0.524254937
358048,0.5230152210071272
354944,0.1868717978424694
371291,0.524540267
360529,0.5230152210071272
369473,0.525229731
361577,0.16369499489979564
358471,0.8077775353933224
363695,0.13956133157570094
361976,0.603221963072526
367723,0.526023207
358717,0.42098649261842813
377449,0.526180619
359393,0.5641725226479688
375792,0.526514614
369421,0.527611518
372787,0.527817452
365249,0.527820064
368550,0.528013881
373217,0.528598745
364703,0.23531917330232122
375791,0.528751152
357066,0.23560344500846642
369153,0.528789866
374500,0.528824171
361433,0.5009091528186658
359636,0.06567428699201121
373473,0.529680919
361692,0.10789093608095093
358197,0.05155210713247885
352715,0.536091937832854
360843,0.7568247461387984
366957,0.531339372
376932,0.531373499
370518,0.531631151
362859,0.5439632478020736
371990,0.532358737
362478,0.48818184605820875
365890,0.533019251
353243,0.3552349697633114
363128,0.33714192527343606
369021,0.533962662
360812,0.04996122116121773
355215,0.4555018820819167
357628,0.6059859003357803
377927,0.535051979
373070,0.535292439
363780,0.4747716159196928
364015,0.4379082509038781
358731,0.3716025858685129
356405,0.3085060904676155
370709,0.535880765
371083,0.5358895
374777,0.536091103
355522,0.4519777181462793
372891,0.536546184
372767,0.536725929
372329,0.536926217
371983,0.537344619
357692,0.4116287363606549
353404,0.452351154811095
377371,0.539119739
356050,0.3701564724004102
372345,0.539598143
369597,0.540029557
367223,0.54019488
354792,0.4670534617088609
364447,0.7977913510856288
353560,0.4445154366311883
361698,0.5415105451496282
353366,0.1457098647367838
362287,0.2748060376528728
373435,0.541235229
368996,0.541470012
357457,0.408962036194687
364135,0.7682919211253226
356054,0.3433002511560824
366672,0.542475326
376810,0.542856708
371295,0.543293885
378427,0.543365482
357456,0.5846721618144679
378231,0.543633482
372788,0.543634024
376500,0.543639725
356307,0.4577162376320842
371293,0.543786578
377428,0.543992171
367557,0.544408545
361710,0.34512223950920695
355800,0.25873448006656674
369542,0.544835174
365782,0.544974158
356014,0.5179753715111605
370140,0.545211681
367568,0.546272536
358462,0.09755746968973356
369962,0.547128343
354040,0.5366251736775866
365008,0.33230664351129424
367589,0.548145096
371781,0.548154885
372541,0.549371559
370260,0.54954523
371829,0.550155376
367548,0.552503622
373673,0.553153578
376511,0.553203459
358622,0.4240329703702363
356628,0.7287487188556125
357079,0.4449859830187394
361123,0.3853559451075919
367591,0.554029508
356188,0.7391592535369738
355542,0.11830418238349125
360559,0.0990623382861529
370931,0.554654758
360074,0.08215762947591845
366962,0.554684112
353074,0.5658561168558068
366700,0.555134248
370579,0.555312063
374738,0.555574701
377372,0.555908418
353359,0.3485237811564584
368406,0.556716553
354668,0.17276580838811922
364035,0.7374413748282841
374293,0.557441557
368404,0.557509553
371363,0.557931778
363862,0.23215462553775162
357278,0.16137188285114418
374615,0.559152147
368568,0.559192467
358847,0.6915495277682707
377478,0.560390925
359759,0.499436077333773
358457,0.676510285941988
366873,0.560901954
357499,0.3649865998066013
353825,0.5563401393652653
367390,0.561333272
354212,0.37987096436860124
367393,0.561609615
368850,0.562168196
356599,0.1095183040934815
377615,0.562844752
377784,0.564225159
370588,0.564342034
352857,0.6034408999101709
377186,0.564606595
360600,0.48220807989362063
370580,0.564952852
365004,0.28101698744148773
371984,0.565112302
371992,0.565932318
366976,0.566167459
374926,0.566196272
355793,0.6794623700273764
359774,0.3308995108601256
371614,0.566430698
367221,0.566493318
366247,0.566777806
359491,0.6454660828592432
360250,0.3830277688060376
372339,0.567538147
355570,0.6020229655820203
367302,0.568233399
353855,0.17801996520517946
367232,0.568613935
361707,0.451548104173507
368835,0.569342929
356924,0.3633497392635816
370925,0.569473343
372792,0.569571628
359536,0.5364441449291757
364008,0.4612138800235335
371091,0.570115214
361308,0.4555018820819167
361018,0.4309711734633549
364672,0.42863186117155117
357290,0.46616957733213227
373260,0.571979987
374125,0.572264896
358480,0.5959217507524299
369957,0.572794904
355900,0.2690861096127411
365800,0.572820905
363776,0.16060555745067404
360090,0.6445207839474003
365885,0.573423728
370570,0.573580542
370926,0.573601736
352480,0.4038115669808573
353201,0.4534756175844266
353541,0.0738103505061961
366109,0.574973731
359731,0.6066888873452508
366504,0.575672704
377482,0.575753862
360849,0.180142795337582
372546,0.576071965
361021,0.32930975311447885
354238,0.4253638080993538
353569,0.5035637554298474
369313,0.576668459
357216,0.5503811354966783
376894,0.576835511
375916,0.577437391
369993,0.577625804
361010,0.46986747630583525
371068,0.579024628
360588,0.6879443653819213
368588,0.579685251
375909,0.579760596
352693,0.47876879309070963
369303,0.580200515
366088,0.580565328
360039,0.4638958920606359
367007,0.581599919
353864,0.52078068725859
358453,0.6660851676084858
354431,0.7652906056734092
353065,0.5216168868280988
367590,0.582891363
353383,0.35880054755351304
367922,0.583611518
358220,0.42803651132278664
356018,0.04334870607215595
360077,0.39169402809798914
366239,0.584128778
365253,0.584929851
376867,0.585301697
369970,0.585309664
366257,0.58553989
354453,0.1567050818499708
359382,0.7224360663658894
354622,0.44947807276665974
374329,0.586203884
374915,0.586751726
354947,0.24339383115259086
366678,0.587405517
360094,0.5309524903085601
378406,0.58766818
354402,0.3873539072021168
372887,0.587850069
366684,0.588138218
378067,0.588461488
354435,0.8029548418596634
359767,0.5750503866952072
358568,0.7325513684382275
356075,0.4928329659696803
359771,0.5197137651226436
370255,0.589780088
367017,0.590125236
369429,0.590538499
368825,0.591818515
352870,0.47192435856326687
363740,0.47368087290439687
366691,0.592304055
357658,0.04996122116121773
357119,0.592468629438508
353407,0.7612475802284735
374425,0.593456635
362727,0.7551941861029331
354596,0.3770144646970673
362233,0.1320474692461589
361117,0.23729971912578865
375304,0.594510405
368187,0.59451367
355672,0.25359427247160193
378379,0.595438084
372320,0.595622159
354061,0.45228687350295066
365582,0.596572302
357521,0.6275952877277409
375174,0.596933021
371283,0.596967155
364788,0.685019043023852
355379,0.1985260045284675
363341,0.5836516276521267
374713,0.597885475
366973,0.59803555
370749,0.598082715
358454,0.6758557907012865
372164,0.598474935
354643,0.5230152210071272
371649,0.598643143
359657,0.5230152210071272
372351,0.598974547
369321,0.599704054
361025,0.536247403993234
371078,0.599927319
366002,0.599974201
363032,0.668135741911443
354024,0.18939363015005004
368970,0.600569419
377360,0.600635821
356249,0.7331235286865037
371960,0.60130978
352683,0.2773739976003007
368071,0.601396164
363317,0.4125948734456828
359680,0.4928329659696803
365565,0.601749353
359121,0.44426012185500363
353399,0.11140796848376
369956,0.602331888
359220,0.5959142110029115
367394,0.603349294
360492,0.4053299267274743
367844,0.603777893
353041,0.11444319819434537
352465,0.15847915317554787
360393,0.5143629407745823
368291,0.604891128
363868,0.04617162699881218
358276,0.4923881111594755
354229,0.2619861439398926
375754,0.606316091
358233,0.7612475802284735
356734,0.4949002171418368
372882,0.608159184
366202,0.60844751
357109,0.35664732432785357
367877,0.608559479
369478,0.608663936
365732,0.608905524
366116,0.609220687
356399,0.5773949915663192
376879,0.609612492
358410,0.2976112307179749
362207,0.39005893863527186
361989,0.34618621927372906
370282,0.611876958
361865,0.4646484204609985
358211,0.3501753762643977
357445,0.40514056241737134
375562,0.612607432
355780,0.7288978241561056
357095,0.7451378001638336
369794,0.613589736
359856,0.622729623620608
352309,0.5929622381713611
375910,0.614692517
372137,0.614702056
372904,0.615105794
366250,0.615329874
358974,0.2773739976003007
369146,0.615907856
363152,0.6808117045438904
361715,0.40856083686598543
378237,0.616435414
357281,0.34102453886407774
359675,0.536247403993234
362296,0.6407289354293801
371092,0.617098662
364496,0.26384784004794537
372802,0.6173846
359263,0.5788887065439393
371617,0.617920867
369959,0.618235463
377647,0.618320237
357262,0.4739295628094807
355538,0.3501753762643977
355899,0.1320474692461589
368676,0.619160633
360991,0.5883499157004516
373373,0.619581308
364012,0.11111070843174382
373218,0.620014177
364639,0.4454411023558859
371961,0.620223605
358456,0.27818333670676365
367228,0.620335112
354667,0.6557864946821071
358725,0.680817984203168
367742,0.622230138
370591,0.622273708
371060,0.622381726
376877,0.622698485
372359,0.623069796
357567,0.5781705792387302
363039,0.24506096314703982
377338,0.623718969
375778,0.62372552
372252,0.623882037
356411,0.7388160939973321
359950,0.4154572510630065
352684,0.2565272722940939
366668,0.624563468
375920,0.624987276
369300,0.624994012
368281,0.625118395
364286,0.24976850457318184
359481,0.24719477045539526
355731,0.5035637554298474
375369,0.62649399
361277,0.4116287363606549
360233,0.4616082530949645
374734,0.626914896
376446,0.626929271
354573,0.7384494706834508
378078,0.627166581
360082,0.592468629438508
372247,0.627997672
358846,0.6631811064078813
354935,0.08761838939339485
368863,0.630009695
356644,0.16300005213134394
355901,0.12855409084580452
360249,0.14777716970171192
364669,0.24719477045539526
360653,0.1320474692461589
356783,0.42925613914370503
361299,0.7330590345926403
358769,0.42940445906173996
376502,0.633333495
352872,0.6327476991410736
377791,0.633893368
364689,0.6422517580573565
373182,0.635230416
353394,0.4328063096165138
357852,0.14366660466795023
368041,0.636598897
364993,0.6772300346802728
355382,0.59585482704138
373991,0.637009649
353870,0.4483276397470109
364709,0.09382522888514593
356173,0.4638958920606359
364743,0.6219492840238551
373971,0.637485014
378060,0.638037813
363477,0.10789093608095093
370718,0.638776893
364779,0.536247403993234
357320,0.6467389265809433
356749,0.6608534834565131
363764,0.7161463513084547
360789,0.3173940792113334
360281,0.36661903739521146
358996,0.485445155623033
368091,0.641446638
357319,0.3103374123236194
354799,0.21039301312482298
368953,0.641934473
358983,0.5772063277408213
368739,0.642536059
365447,0.64331314
377627,0.643327821
353571,0.5546214219276279
369442,0.643577692
370906,0.643695189
361442,0.778447425662923
353405,0.397815164785266
355911,0.3552349697633114
372793,0.644639475
358451,0.27080405937298163
362074,0.3187258893408387
361565,0.09743744620261846
371962,0.645011095
355789,0.37350390846970905
354959,0.5377868531307607
369550,0.645640797
355221,0.3153609512426482
365295,0.646360849
357300,0.5516290503508462
371082,0.647136587
369337,0.647539246
368053,0.64760823
374123,0.647810546
367391,0.648157921
356637,0.3828467534318885
373773,0.648243119
376100,0.648360982
371408,0.648732453
359819,0.4949002171418368
359369,0.6612540536504418
362850,0.24030096259845135
371415,0.649363135
358026,0.3695164406253102
369807,0.649756571
353056,0.18161311252094092
368429,0.650192055
368418,0.65020259
377205,0.650463476
355404,0.4555018820819167
374622,0.651172965
372341,0.65119608
364994,0.5409005094169262
365457,0.652004549
377632,0.652086107
355915,0.4490920806025822
378377,0.652803937
364458,0.7789549520651451
365384,0.653008068
374446,0.653377566
376102,0.653843957
375780,0.654087787
372324,0.654162085
354256,0.4211443305132689
355183,0.427007237169929
355501,0.585729191310224
364612,0.39176319217077415
364898,0.2999772307224109
368269,0.654786883
365208,0.655333597
354178,0.6208947644486127
357092,0.5697074474705003
356639,0.536247403993234
355150,0.4226698874928983
375299,0.657980565
369018,0.65808129
362151,0.5130231700936803
362468,0.4436915713922473
371815,0.658791814
370818,0.659005779
360786,0.40932604492540964
367364,0.659464764
367546,0.659883029
370924,0.659974758
377651,0.660269598
355519,0.4990909553039439
369980,0.660780534
377490,0.660852197
361437,0.6081882499753505
356313,0.3552349697633114
369795,0.66124539
356422,0.3900689932542927
369983,0.662656116
364047,0.570928983032814
376355,0.663502852
378388,0.663665774
367205,0.664286789
371420,0.664581441
356229,0.34472570707228534
352888,0.30758759059943824
352877,0.1339513283730561
360854,0.5546800785542811
359376,0.5895653173214286
371598,0.665900366
356120,0.31590760507138893
359384,0.8645646732693654
370576,0.667626084
352507,0.5061858326340704
360049,0.25064509797654216
355725,0.40497721902905776
371604,0.668842165
361146,0.5957632112294855
373378,0.670541778
376920,0.671148281
360990,0.11467211622334895
358980,0.6808117045438904
363682,0.6450345671240264
371826,0.672311724
361867,0.8025979533039547
352332,0.43035986483998956
370592,0.673280005
356315,0.5874812376299926
374824,0.674617999
369606,0.674813359
372332,0.675015656
368058,0.675404185
363738,0.33880264555013584
367891,0.676030783
368264,0.676233424
366716,0.676262349
364252,0.5962409742307789
375436,0.676720336
364767,0.6181510971717673
367899,0.676961661
377786,0.67724186
363036,0.6682078998844189
374146,0.677831198
353083,0.6420188374013798
373685,0.678443811
361996,0.5839398058519827
354613,0.16137188285114418
353231,0.4489443560948944
361141,0.6192072391717698
357122,0.4555018820819167
352886,0.45140524150915873
355216,0.12245165046025007
357788,0.7701280455555282
378303,0.682433975
359116,0.49247113789780395
358987,0.2207896626001942
378381,0.683165471
354565,0.3257918632061977
368437,0.683631027
353851,0.0691879098166477
367180,0.683877531
358029,0.3716025858685129
368097,0.684118838
356962,0.46530304243652887
377001,0.68484108
355549,0.5313538098012066
370734,0.685854279
372264,0.686055151
359143,0.5699908092593728
355773,0.16369499489979564
362488,0.8128529017895914
372230,0.687122313
352557,0.20594853769505136
354951,0.12003729503553771
371610,0.687735425
373983,0.687938901
354048,0.4372869544439027
354971,0.6056361282213615
366526,0.68854586
366663,0.688696787
355812,0.4804191416855587
377738,0.689690476
367925,0.689723692
360066,0.7388160939973321
365728,0.690596259
370695,0.690745526
373949,0.690829981
371265,0.691182662
371404,0.691211188
372131,0.691977668
373344,0.692089348
370909,0.692474997
367004,0.692507409
370896,0.693120813
368267,0.693335569
357519,0.6575458584979448
359373,0.38595503774098
374456,0.694861475
377796,0.694910985
361721,0.14195651815541896
363439,0.19176128502113912
376638,0.695878062
360235,0.34321092135272047
356288,0.35938998041427195
372896,0.696530617
363684,0.059483321910300105
368260,0.697002969
360825,0.49247113789780395
354778,0.9568484532076242
358192,0.5711385016602161
375171,0.698193413
373796,0.698422804
364748,0.41712458547725983
367511,0.699121316
369877,0.699232277
367930,0.699411496
371375,0.699642096
366095,0.699713414
375307,0.699720307
375028,0.699894297
367023,0.70009958
369329,0.700278685
360661,0.26384784004794537
371980,0.700847345
366987,0.701415743
354471,0.09399182695418098
356221,0.12844557734293788
376086,0.702524842
363322,0.418947857023266
375587,0.702864813
374582,0.703467431
371989,0.704207477
366885,0.704696204
377504,0.7050224
361851,0.7950000886966438
366492,0.705634944
373214,0.705701825
367719,0.705736146
377898,0.70581206
369793,0.706119673
372679,0.706536205
370157,0.70708607
363446,0.5366199923685379
367365,0.707581763
368287,0.707703335
356941,0.17801996520517946
360040,0.5846721618144679
363336,0.42797869052923176
361147,0.17531260533557644
357084,0.3085060904676155
376338,0.70906593
356957,0.1320474692461589
371811,0.709218014
355787,0.3744885042520743
360065,0.7562768651650721
378187,0.711037995
373669,0.711156987
364475,0.4322084626766699
373424,0.711752202
367183,0.712183202
374590,0.712188867
355431,0.2357509567225622
368270,0.712647258
361261,0.07784925903051154
359227,0.3400240082690253
353561,0.3222576085511395
360601,0.8128529017895914
355373,0.1170898504255342
373680,0.713428509
374779,0.713968055
363020,0.46641709047908003
356179,0.2045924854632225
353857,0.5402669879793881
368987,0.715456975
369777,0.715577793
377194,0.71564725
371967,0.715673715
369585,0.716150221
358212,0.436652937987925
352859,0.5034646867202429
360592,0.4253521509337191
375296,0.717325604
367927,0.717361086
364196,0.4553975827305363
378249,0.717875209
355212,0.1187571503988041
373104,0.718949109
364295,0.35985315197189155
372563,0.719501948
375313,0.719862864
371613,0.720279839
369315,0.720351844
356774,0.5242885429054639
374914,0.720764336
374604,0.721214736
367336,0.72145643
354798,0.46394168477335557
352658,0.05997122600071392
363773,0.4839974743113467
356408,0.24719477045539526
375912,0.724301042
356420,0.39169402809798914
354470,0.737790073148052
375147,0.725159346
358444,0.2463794764216744
356746,0.19794233525509952
369810,0.725826127
369034,0.72592067
364006,0.14777716970171192
378384,0.726480214
354850,0.3552349697633114
362005,0.13767846472304732
352488,0.22404323233305162
368718,0.727856428
355884,0.5505393549866996
374764,0.72803064
363307,0.39005893863527186
374432,0.728371418
365191,0.728845958
363123,0.42153009506250805
377779,0.729313372
358620,0.5488885471749898
365126,0.729722543
362701,0.6008825044996774
368196,0.729975093
354675,0.2269435800906323
376477,0.730142506
354658,0.43556049447263673
352501,0.6610904813936521
360290,0.3928306262127324
378101,0.731463802
369450,0.732018703
361313,0.6231219251091225
376116,0.733029858
371772,0.733110331
363755,0.07451187168867132
356052,0.46941077591324304
366078,0.733389656
369631,0.7336205
356779,0.7437848156958249
372556,0.73489969
356634,0.395061808923821
375918,0.735105591
365009,0.5587546797566231
371584,0.735406216
361234,0.3373238824831899
378409,0.735835833
363914,0.40573425249799444
357889,0.172938265475377
360839,0.46452317601756143
364478,0.2112763716762974
369470,0.738536786
367551,0.738710711
357484,0.12241432450283335
354795,0.6427643670661236
360406,0.15302546125837987
365900,0.739969404
365776,0.739991499
372085,0.740096082
354039,0.35807126368340386
377766,0.740614627
362175,0.7436609620745137
359650,0.46941077591324304
363465,0.1320474692461589
363282,0.46437444008114825
357493,0.7950000886966438
354807,0.4516473436088686
372107,0.742032637
362246,0.6754879597707006
372282,0.742802111
376865,0.742841699
367536,0.742847889
363154,0.4616082530949645
365314,0.743596358
361547,0.46670808350187487
375285,0.743888612
374556,0.744171894
360598,0.7098430741797593
373480,0.744507046
377931,0.744523541
365602,0.744961258
367495,0.744992399
357513,0.10439905013727772
368289,0.74568342
370249,0.746296251
366870,0.746299228
373445,0.746300965
365437,0.746696408
374139,0.747091281
367384,0.747594157
357285,0.37558368475745635
356944,0.48600945406441964
371255,0.748148976
366107,0.748558368
357441,0.08547500587992742
364167,0.3308995108601256
357067,0.580657274678336
370545,0.749390724
372534,0.749594706
360075,0.7132319491179765
368973,0.74964562
372125,0.749759197
364194,0.1875824267216974
371597,0.750495638
373106,0.750586819
365594,0.750679651
366098,0.750795639
367566,0.751349723
366263,0.751489255
359113,0.3000581186215032
371105,0.751718841
377618,0.751916691
366100,0.751949146
370929,0.751983952
360269,0.778447425662923
356614,0.5200742996048704
376233,0.752894861
363033,0.3515477397385902
355178,0.2441350956419324
367400,0.754398396
353556,0.3971452913419442
354855,0.3588708176285528
367910,0.755681659
354401,0.4689670596616157
355417,0.6505019437040431
354817,0.5816131314322251
361290,0.47876879309070963
369476,0.757352591
376243,0.757402727
360646,0.7088119764956243
376486,0.758228778
366101,0.75858862
354022,0.3814526912568149
357094,0.7562768651650721
373928,0.759146387
368256,0.759416234
354826,0.5957632112294855
359782,0.5042816054340805
373447,0.760191243
366860,0.760281245
369588,0.760342636
366804,0.760824186
368433,0.761386681
361718,0.09181298070074713
359784,0.16826600713064035
375599,0.761858509
361828,0.39325034693949945
361306,0.5953258198378149
364721,0.6418038358673565
369586,0.762365509
357091,0.6758557907012865
364999,0.7612475802284735
362918,0.670130511247963
367522,0.764215459
366974,0.764445027
373823,0.76453478
375195,0.764608988
371657,0.764664137
361263,0.41696716891450986
365747,0.76510607
358600,0.478459943253257
356390,0.5714753066516173
364182,0.52078068725859
353587,0.3934091278582881
376120,0.766462192
364251,0.36894442361432067
373824,0.766750769
363730,0.34804792390307054
363288,0.04334870607215595
362243,0.5513968041515372
355741,0.4322084626766699
355677,0.3769692527491155
359223,0.5317025134407628
368594,0.76820915
360827,0.38166547160451814
371621,0.768568916
355565,0.7359633471584406
370701,0.769651375
375622,0.76988856
365867,0.771177458
360951,0.5758877829340412
356057,0.5230152210071272
374602,0.771899352
367920,0.772304259
360260,0.3318077936846908
358237,0.6428561163518233
372877,0.773119547
371593,0.773169273
360597,0.5772063277408213
364048,0.7053085871323584
357893,0.1380895172035587
355166,0.36216663876255767
372326,0.774353042
375908,0.775383204
353229,0.16596789630350264
370103,0.775600595
368402,0.775919776
369180,0.776282456
355168,0.1149439555105626
372103,0.777351316
367898,0.777580031
375126,0.777663704
367735,0.77827563
359272,0.40573425249799444
368677,0.778709151
369174,0.778800972
368012,0.778890752
374576,0.778921294
373953,0.779312883
369308,0.779492548
354452,0.5352241193707535
370209,0.780093886
365187,0.780114116
363757,0.7419895759155991
378414,0.780759097
377807,0.780798154
355678,0.5846721618144679
370147,0.781043116
367220,0.781143051
374558,0.781246226
375294,0.781600306
370270,0.781871459
352305,0.26519104914799174
372557,0.782833952
372133,0.783061376
357907,0.304082344809021
358256,0.4949002171418368
358956,0.4490887686053443
352280,0.09717331167344068
358213,0.3692680391196732
358693,0.3445666497065672
372110,0.785539668
373472,0.785587646
376191,0.78569904
355633,0.828107737529105
357093,0.0794916601572467
368240,0.785747693
362220,0.5883499157004516
362477,0.6808117045438904
362717,0.41563328511019976
371097,0.787864957
359222,0.7325513684382275
358988,0.8153516348078391
372102,0.789146149
372249,0.789646345
354796,0.43220846267666996
357688,0.4568636832028808
366665,0.790263479
356187,0.6298089557557338
354978,0.6153360795586749
372895,0.790664965
368403,0.790971274
367214,0.790990842
364643,0.7293041500826812
356757,0.1868717978424694
369549,0.792115328
361556,0.4239991674742522
352816,0.5626056185566848
375857,0.792367253
374905,0.793190058
361459,0.5796339681459528
369006,0.793322972
367192,0.793426856
368839,0.793709592
365462,0.793909741
375318,0.794116582
375781,0.79411726
376878,0.794182896
360810,0.4117288735549158
377471,0.794901973
371362,0.795026415
365434,0.795456746
352494,0.5922580720303456
363467,0.6002992689426889
356617,0.6812038701601673
373468,0.796797049
363759,0.8029548418596634
372736,0.797427609
376454,0.798071085
352320,0.2701815269932684
368415,0.798435871
367005,0.799201771
362127,0.46670808350187487
367908,0.799380812
362941,0.1544179906986809
358592,0.5950527848531589
364722,0.33482149557421326
374289,0.800099229
373681,0.80085964
373653,0.801157877
371788,0.801166855
359849,0.5395675740064496
378419,0.801327355
359385,0.680817984203168
368864,0.80189386
352871,0.15218354534828094
368600,0.802790591
360064,0.6758557907012865
367884,0.802962578
355532,0.18437590680394217
374787,0.803363641
368061,0.803435271
366706,0.803530716
367886,0.803762352
372232,0.803772087
375040,0.804306943
360513,0.05791698366944719
365168,0.80442397
363315,0.407460847699074
352301,0.5878782363047562
366205,0.805474086
353030,0.3501753762643977
357098,0.4908852519166274
376886,0.807229108
359851,0.41871509713016486
355745,0.5009091528186658
367613,0.808587998
361863,0.4863317096812225
354014,0.44683152688319117
358452,0.2441350956419324
372340,0.809652949
366509,0.809846106
367571,0.809983196
363906,0.6472402581443949
378396,0.810511892
371084,0.81051375
372902,0.810602308
365534,0.810650868
378251,0.81093259
369599,0.81119367
356594,0.674720722451059
378405,0.811311953
353054,0.338052633383494
375301,0.811541267
354847,0.5561225954761677
363453,0.16856044156476774
370737,0.811814966
358602,0.35772626889664766
376083,0.811866359
361847,0.24719477045539526
358193,0.14777716970171192
372898,0.813263607
361855,0.6808117045438904
352316,0.5496971558639526
360043,0.5714753066516173
373816,0.815241877
356602,0.7436877297952691
360730,0.426506323704634
364493,0.30942461248644126
368222,0.816267528
365442,0.816443259
352874,0.17531260533557644
353198,0.41341120344199284
371065,0.817301896
370288,0.817512638
362486,0.4839974743113467
368085,0.818124954
368425,0.818321656
371633,0.818325776
368834,0.818588199
375166,0.818772897
358463,0.7401240588757827
373827,0.820261663
357475,0.5014127972875865
373965,0.82045646
374296,0.820722946
356304,0.2617372371417127
377629,0.821074059
365751,0.82120509
373123,0.821288145
372743,0.821413826
367932,0.821488818
367540,0.821956041
362245,0.44208879818386815
364976,0.4598379500811379
374327,0.822985541
366930,0.823005204
358232,0.7244549380898433
368432,0.823415108
364963,0.4353035072745364
369798,0.823495188
366871,0.824308489
366515,0.824375191
369546,0.824520054
375473,0.825030715
355193,0.6443960831666359
375310,0.825933569
366066,0.826342395
358466,0.5772063277408213
358709,0.4866237703471957
362824,0.30881500155789293
355152,0.15414063920630672
372711,0.827279055
377638,0.827697308
370891,0.827741382
368559,0.828073643
367879,0.82831119
362155,0.7588137851173843
357314,0.24021852461543314
371079,0.828957868
372096,0.829192852
360976,0.0642174881843014
359681,0.152047936653529
376504,0.829600467
353831,0.46800446444493643
353596,0.537873577379914
354967,0.3219730437597776
355201,0.5228833521536722
373469,0.830488545
373371,0.830553158
361463,0.5601944632033898
356776,0.8520593461239965
356186,0.622729623620608
376512,0.831755056
369805,0.831778215
372241,0.832380634
375048,0.832418238
360402,0.7374413748282841
357670,0.3814526912568149
371387,0.832875367
362132,0.7789549520651451
360590,0.7059704065528087
375452,0.833861981
355182,0.43989072424371306
370164,0.834607982
364480,0.1825895171186862
374927,0.834963739
362219,0.05865514264619569
362926,0.5883499157004516
377183,0.836033077
364309,0.25873448006656674
369487,0.836750726
370257,0.836911214
364044,0.6407076827214672
371281,0.83743173
362470,0.2502800942526726
356189,0.6114206090687203
376832,0.837483088
367753,0.838477847
355458,0.6305181039015225
358736,0.4554282528199424
367711,0.83896338
370573,0.839000968
359603,0.5392481256056744
378083,0.840224772
364961,0.3769362732220027
361294,0.09755746968973356
373984,0.840987783
354950,0.4804460430281509
370910,0.841226114
368720,0.842192557
369004,0.84259926
373258,0.842655548
372331,0.843098197
358836,0.2045924854632225
354652,0.6248341859321634
363153,0.6546079427597724
352660,0.47414894028828825
359361,0.4695221132800795
369804,0.844267983
361709,0.5938009825980699
356386,0.4638958920606359
357850,0.1448404825867634
364776,0.5210488179181143
365167,0.844846075
372323,0.844864257
375924,0.844887662
361849,0.08156743428635597
376323,0.845977032
374455,0.845983317
376888,0.846518663
372769,0.84684856
374316,0.847596374
353178,0.3928180074564469
374603,0.847774829
367363,0.847894717
375321,0.848270226
376839,0.848360948
367926,0.848845714
370188,0.848889404
374259,0.848922953
354449,0.7251216958497413
356426,0.11038570418935405
364633,0.43670574704650295
364030,0.407913696077966
369017,0.851024791
372226,0.851143359
366994,0.851388604
356600,0.09194975890002315
376096,0.852490856
367215,0.85285441
370885,0.853103573
355759,0.7637439460280514
360581,0.6871832713799864
361312,0.5235833365063185
367553,0.853809245
352520,0.5503811354966783
362724,0.4474624876336816
367887,0.854725002
362003,0.7701333617869605
366986,0.854901978
362869,0.6192072391717698
355203,0.15889936903919524
370552,0.855688265
361114,0.45195388416950194
353084,0.5497196684353793
373380,0.856126872
373248,0.85630042
369605,0.856395249
369151,0.85655104
360556,0.3775646871167556
368750,0.856983243
359130,0.47511262298629514
358624,0.5796339681459528
358265,0.4891786496207045
356932,0.12872494037097507
375454,0.85822975
361827,0.14357413063386168
369788,0.858400784
357709,0.6525944496932015
375594,0.859163779
358438,0.24976850457318184
368290,0.859261961
358206,0.5218892953662895
375284,0.860158556
365324,0.860311223
370251,0.860422708
366865,0.86062338
359132,0.47109619769206473
377713,0.861252083
355917,0.3218292373801425
356606,0.5883499157004516
366844,0.862490973
371228,0.862693183
368230,0.862729444
361685,0.04996122116121773
373428,0.864795983
355794,0.7682433175829835
369938,0.865922289
358431,0.5440140963354619
359625,0.3501753762643977
369448,0.866498401
358833,0.5745877160837951
355395,0.5496971558639526
363479,0.7527492983977417
373822,0.867694653
369790,0.867791965
376896,0.868219518
372805,0.868267927
364179,0.6949951713347498
371629,0.869060496
365759,0.869296369
368988,0.869356553
361551,0.7399094062769104
378240,0.86946518
357282,0.15307366513265203
361262,0.1415558569904428
377362,0.870066659
354938,0.6045686123820565
355769,0.5125345606458561
362101,0.1356124183806518
362301,0.7042131333464707
376489,0.871377065
364462,0.48787260759691314
368373,0.871783127
376326,0.871951466
362176,0.7325513684382275
368392,0.872030033
368248,0.872048761
364172,0.15580749574630195
366087,0.872254441
367233,0.872279882
371774,0.872292745
376754,0.872516644
370210,0.872885442
363754,0.6758557907012865
356421,0.0917934570923318
371643,0.873232597
375904,0.874114334
368411,0.874552307
377958,0.874587457
366278,0.874826156
365591,0.874945987
371819,0.87528676
367408,0.875542362
354143,0.6926997680206076
370246,0.875698305
369987,0.875846061
359135,0.7671974330244986
367561,0.876103664
361569,0.7122080116327122
369178,0.876817165
367173,0.87690414
356911,0.9445250941274533
373963,0.877019004
356890,0.3416213910283891
375760,0.877689698
356044,0.3649865998066013
373267,0.879172795
359270,0.45685923642688
370567,0.880389467
357223,0.4553975827305363
372965,0.880762632
355895,0.44547898819720705
374751,0.881218924
366505,0.881432592
352493,0.47540344319802397
356182,0.41871509713016486
353885,0.3552349697633114
357527,0.737790073148052
376359,0.882398665
363480,0.5830930744627271
357902,0.36283404605619296
354468,0.5337670474965892
356065,0.6248341859321634
358734,0.5763106921557885
366869,0.884218132
363866,0.5358114136995032
363319,0.4654223882179565
371094,0.885044285
374940,0.885157969
361006,0.9478347581759528
374607,0.885430657
373466,0.885595712
363898,0.44424205570852127
367754,0.885944514
367413,0.886153726
352302,0.626853854232852
364203,0.2735805718791954
365599,0.886682158
368413,0.887095387
365189,0.887169889
358742,0.3146648376490791
352865,0.1330017164450271
368192,0.887956637
357288,0.3353882234277898
358984,0.7426392447498277
357869,0.40147360272376437
367532,0.888852995
359507,0.48015558503369377
366092,0.889321113
366983,0.889326451
365597,0.88936335
354459,0.4759369253988103
370280,0.88957582
377365,0.889606539
363161,0.3883654972494189
368838,0.890056011
378054,0.890219945
371088,0.890679151
362473,0.0851370109224175
374581,0.890807657
367699,0.891216388
377901,0.891438847
355567,0.6153360795586749
363752,0.24719477045539526
352344,0.540350900280477
364631,0.4454609999864866
358282,0.3552349697633114
374739,0.893728917
357883,0.963583687616634
363121,0.09354361938205136
360395,0.3692680391196732
360594,0.7369357665158377
376876,0.894927678
358157,0.5965608734212451
362734,0.5581399026644426
370565,0.895783312
360645,0.4507954398514394
370584,0.89657541
354044,0.8499659496420519
375896,0.896839273
371778,0.897159452
362461,0.6255152896295486
364032,0.7537731821012208
375037,0.897941619
367740,0.898577292
356569,0.7357737464041487
377735,0.898851848
376350,0.899470818
376912,0.899582643
356387,0.5846721618144679
357863,0.44440249429185374
368569,0.900142878
375922,0.90119672
356369,0.7798401839089056
362230,0.4558896520203976
354576,0.04473894914669154
376112,0.902460611
358467,0.7132319491179765
376234,0.902850636
356756,0.38255578236282145
356033,0.3501753762643977
366650,0.903721203
371813,0.904242801
376993,0.904442095
373515,0.904725788
354962,0.44605237465630115
369274,0.905091
366124,0.905950764
364978,0.37026335136343247
359860,0.13259523385844338
375303,0.907139078
368731,0.907385475
365570,0.908156449
370542,0.908305589
371376,0.908731183
370158,0.909382844
366886,0.909534956
375264,0.909603822
362872,0.17531260533557644
374078,0.90968982
366097,0.909841665
357077,0.0714724192037622
360575,0.5813507835986861
353227,0.5957632112294855
358061,0.4028830731457803
364699,0.5699272080059171
358223,0.5254538002234451
369978,0.912531611
368421,0.912572018
374928,0.912597377
375588,0.912965316
366850,0.913547217
367902,0.913549111
356565,0.6463679419431434
362929,0.3613438720111881
361012,0.7646124109754522
375295,0.914726402
370577,0.914841996
361861,0.7165970461367852
372554,0.915664731
368604,0.91574252
358269,0.0866462960135485
353166,0.5097846041110937
377331,0.916701385
362223,0.7812819251941455
367189,0.917240993
359495,0.7132319491179765
374788,0.9174927
360226,0.5474413721664331
363697,0.4129588504671507
363338,0.6542463059329018
370098,0.91803181
371586,0.91830917
363696,0.5440140963354619
365440,0.918833703
352470,0.08630743625457092
376333,0.919192699
374448,0.919228344
378071,0.919389835
378189,0.919482674
360855,0.3699318953018455
374313,0.920008708
365609,0.920334897
355563,0.6347341645475851
359494,0.5772063277408213
370181,0.920943886
357887,0.5877860632053951
362284,0.38727238477359766
366276,0.92149042
357112,0.48983414916756185
359673,0.6482945799153045
367015,0.922119739
362149,0.16378249250609717
353075,0.6066888873452508
366843,0.923105549
367565,0.923106559
359370,0.7399094062769104
363129,0.6375340124390397
355905,0.4583351390447968
371370,0.923384001
363146,0.4554894095942731
363160,0.8128529017895914
357347,0.540350900280477
356119,0.6066888873452508
357103,0.6422517580573565
355559,0.7642354852814447
374755,0.927164074
366105,0.927173108
365408,0.927250675
369159,0.927535235
375453,0.92778274
355671,0.40341478043798956
361460,0.3939456647394097
357058,0.6412451485159127
354415,0.34233329659717593
368238,0.928965529
371294,0.929018925
357068,0.5440140963354619
368558,0.930251216
354672,0.5732011528057176
361575,0.591780681312044
370693,0.93069159
371780,0.930948563
370553,0.93142448
373974,0.931427069
367695,0.931450774
354234,0.6625453005186137
366692,0.932736054
353578,0.6422517580573565
360955,0.45717533018530904
362203,0.4367375105080441
364311,0.4659146455810525
372875,0.93378794
362214,0.45198794843551354
371035,0.933803809
364479,0.0786471833896805
357286,0.59585482704138
353403,0.40175950733050575
373623,0.934342591
369191,0.935092462
370274,0.935332251
358005,0.7363414941056879
369976,0.935907711
372128,0.93722566
375191,0.937281153
369463,0.937524122
358844,0.5181040826040862
376094,0.937628973
369942,0.937736895
365783,0.937768114
375903,0.937801722
365607,0.93782668
374912,0.93810264
374931,0.938128789
355734,0.4670534617088609
355523,0.47059340189005716
364995,0.7506959387139279
376680,0.938795958
364314,0.7093859944418591
375621,0.939186259
368590,0.939237397
354235,0.5883499157004516
376674,0.940206656
361432,0.40478317665166297
376487,0.941398758
376046,0.941490249
364022,0.3210708820562036
359626,0.0901676794557071
362480,0.6519264553113964
355792,0.24719477045539526
358842,0.7374413748282841
374783,0.942298014
368265,0.943075585
366523,0.943238191
364036,0.7612475802284735
368978,0.943498375
354027,0.24036618114573746
369152,0.944549878
359389,0.24979883898310987
370381,0.945120255
363923,0.4928329659696803
352508,0.5688458445315785
376449,0.946318939
359827,0.14836660074045088
368266,0.946769293
358006,0.7325513684382275
372964,0.94773906
364333,0.7503645907331699
364775,0.2044930689763924
365784,0.948331626
361720,0.5633575626678842
356777,0.3977976354152916
356070,0.3894922494729816
369422,0.949158687
361999,0.4920145689569961
360278,0.47398217721270064
352282,0.47804775864500965
366240,0.949429059
371074,0.949466368
355134,0.06185169309273274
362144,0.7257346897089979
356959,0.6121230280808865
353558,0.5558696378070686
354958,0.2045924854632225
362860,0.0811244752183593
374906,0.952522527
360271,0.6556243902994789
374773,0.952957277
360582,0.4422921308117465
353416,0.5218892953662895
371089,0.953126116
376422,0.953289789
370558,0.953443446
358059,0.6542463059329018
356953,0.16826600713064035
354801,0.5518466655620023
364320,0.5772063277408213
360468,0.3747320680198997
365616,0.95435172
368587,0.954358741
370169,0.95438305
372259,0.954480682
376488,0.954687648
377448,0.95510954
356225,0.5197137651226436
376670,0.955405696
370748,0.955705656
352699,0.7401240588757827
356183,0.5665298266540487
364996,0.4474624876336816
362174,0.05440353360567949
362449,0.6805896943232307
366495,0.956820017
372673,0.957144193
356960,0.4613168273874228
373658,0.957327407
367338,0.957337547
359960,0.5874812376299926
371378,0.95743448
376328,0.958178796
378306,0.958341209
372815,0.958402953
366058,0.958697964
372346,0.958716098
356771,0.48418963719297176
362928,0.3679196746709754
357897,0.05708725002433897
369305,0.960355412
359400,0.13276897743264837
352331,0.5990546374296609
365416,0.961434329
360287,0.4320404319921697
362925,0.3619877918758203
357101,0.6278812243971438
353045,0.1342404229384473
361826,0.08266901338791546
367512,0.962859508
362895,0.5317025134407628
356753,0.4474624876336816
359488,0.6808117045438904
373113,0.963397646
368252,0.96349695
354421,0.6170860487857206
368409,0.963678439
375761,0.963788442
362241,0.4670775482075574
361140,0.7053924439612776
373102,0.964595241
372688,0.964858321
377576,0.965047253
361124,0.7789549520651451
369638,0.965472319
369345,0.965493712
370250,0.965696636
353080,0.17975886706976293
356388,0.41696716891450986
365267,0.967230072
371656,0.967461047
358260,0.4431716631331918
354939,0.1422150950910291
353833,0.0690158440624425
353550,0.6006146775411209
367236,0.969014612
359253,0.14676187357978665
367573,0.969158527
364718,0.3613438720111881
375469,0.969370292
375921,0.96961828
355527,0.4405280944709607
363168,0.6588751909091148
360251,0.2814177457117621
363038,0.4755060854162616
368727,0.972090325
361269,0.06721161592739404
355413,0.6248341859321634
368849,0.972792824
371751,0.972821
354606,0.19762301531561022
375194,0.972843416
358981,0.6422517580573565
362469,0.4636399626786334
364031,0.41387805464179045
374447,0.973708469
368253,0.974173284
365431,0.974915473
359853,0.7437848156958249
360294,0.536247403993234
370272,0.975342394
368424,0.97553704
367928,0.975585095
373439,0.976013497
364472,0.15554968541285916
359831,0.6534135673276554
368410,0.97699962
353043,0.626853854232852
355748,0.13631543704354857
365443,0.977695294
367720,0.977868677
375625,0.977929671
368438,0.978057878
355770,0.5991345236874787
367918,0.978600875
374119,0.978874932
361129,0.47729408247584004
364305,0.08227026446086275
355123,0.07042486539202143
367399,0.979736517
359956,0.3552349697633114
352522,0.5699908092593728
355679,0.5714753066516173
374605,0.980352358
365199,0.980455647
375465,0.980530299
353247,0.35130898034397967
360230,0.7357737464041487
371551,0.98161941
376892,0.981752722
358459,0.6481704803168724
368186,0.9821893
373821,0.982875596
371262,0.983354803
354430,0.24719477045539526
354756,0.6066888873452508
376081,0.983574795
356180,0.5395675740064496
369969,0.985061593
357525,0.537873577379914
371638,0.985490661
352710,0.10877471679291026
368218,0.985827985
364628,0.4774057932226373
369817,0.986219599
374465,0.986224691
358625,0.38838173824280303
359608,0.30592321819655605
352495,0.11063324269971055
365740,0.987027966
361150,0.5230445229567993
356642,0.4928329659696803
361028,0.47729408247584004
365608,0.988286005
373120,0.98874767
354423,0.32994444381140997
359391,0.1320474692461589
360273,0.5788887065439393
357510,0.7132319491179765
368657,0.99071787
369613,0.990765237
374310,0.990954865
367537,0.991004388
361287,0.6808117045438904
374427,0.991410642
368976,0.991512254
376345,0.991723272
362451,0.729712347836459
363124,0.6248729660679504
356610,0.1840800445567398
373453,0.993078115
377494,0.993405038
377460,0.993435124
370267,0.993685029
363147,0.08121807448226072
376649,0.99401234
359858,0.7391592535369738
377776,0.994071891
356413,0.643177377261906
368700,0.994260658
366673,0.994338285
357474,0.5549981277346295
358610,0.6750160137044028
377924,0.995043757
357904,0.2493263257638578
363583,0.3246805942706736
369824,0.99612857
357275,0.116864730703054
377350,0.996476856
371595,0.996514278
353051,0.46953263942611945
357676,0.38166547160451814
371792,0.997107238
360534,0.30206082441571896
364485,0.5274435028950982
363155,0.7151395247981006
368710,0.999693777
358067,0.536247403993234
372119,0.999977845
